id,name,avrdude_id,vendor,class,family,signature,flash_size,flash_page_size,flash_paged,eeprom_size,eeprom_page_size,chip_erase_delay_us,fuse_count,lock_mask,progisp_match,microchip_atdf_match,metadata_status,qt_backend_status,blockers
at90can128,AT90CAN128,c128,Microchip/Atmel,avr,AT90,1E9781,131072,256,True,4096,8,9000,3,63,True,False,avrdude-selected+progisp-agrees,supported,
at90can32,AT90CAN32,c32,Microchip/Atmel,avr,AT90,1E9581,32768,256,True,1024,8,9000,3,63,True,False,avrdude-selected+progisp-agrees,supported,
at90can64,AT90CAN64,c64,Microchip/Atmel,avr,AT90,1E9681,65536,256,True,2048,8,9000,3,63,True,False,avrdude-selected+progisp-agrees,supported,
at90pwm1,AT90PWM1,pwm1,Microchip/Atmel,avr,AT90,1E9383,8192,64,True,512,4,9000,3,63,False,False,avrdude-selected,supported,
at90pwm161,AT90PWM161,pwm161,Microchip/Atmel,avr,AT90,1E948B,16384,128,True,512,4,9000,3,63,False,False,avrdude-selected,supported,
at90pwm2,AT90PWM2,pwm2,Microchip/Atmel,avr,AT90,1E9381,8192,64,True,512,4,9000,3,63,True,False,avrdude-selected+progisp-agrees,supported,
at90pwm216,AT90PWM216,pwm216,Microchip/Atmel,avr,AT90,1E9483,16384,128,True,512,4,9000,3,63,True,False,avrdude-selected+progisp-disagrees,supported,
at90pwm2b,AT90PWM2B,pwm2b,Microchip/Atmel,avr,AT90,1E9383,8192,64,True,512,4,9000,3,63,True,False,avrdude-selected+progisp-agrees,supported,
at90pwm3,AT90PWM3,pwm3,Microchip/Atmel,avr,AT90,1E9381,8192,64,True,512,4,9000,3,63,True,False,avrdude-selected+progisp-agrees,supported,
at90pwm316,AT90PWM316,pwm316,Microchip/Atmel,avr,AT90,1E9483,16384,128,True,512,4,9000,3,63,True,False,avrdude-selected+progisp-disagrees,supported,
at90pwm3b,AT90PWM3B,pwm3b,Microchip/Atmel,avr,AT90,1E9383,8192,64,True,512,4,9000,3,63,True,False,avrdude-selected+progisp-agrees,supported,
at90pwm81,AT90PWM81,pwm81,Microchip/Atmel,avr,AT90,1E9388,8192,64,True,512,4,9000,3,63,True,False,avrdude-selected+progisp-agrees,supported,
at90s1200,AT90S1200,1200,Microchip/Atmel,avr,AT90,1E9001,1024,,False,64,,20000,1,6,True,False,avrdude-selected+progisp-agrees,not-yet-supported,current backend lacks legacy byte-write flash support | current backend lacks byte-write EEPROM metadata
at90s2313,AT90S2313,2313,Microchip/Atmel,avr,AT90,1E9101,2048,,False,128,,20000,1,6,True,False,avrdude-selected+progisp-agrees,not-yet-supported,current backend lacks legacy byte-write flash support | current backend lacks byte-write EEPROM metadata
at90s2323,AT90S2323,2323,Microchip/Atmel,avr,AT90,1E9102,2048,,False,128,,18000,1,6,True,False,avrdude-selected+progisp-agrees,not-yet-supported,current backend lacks legacy byte-write flash support | current backend lacks byte-write EEPROM metadata
at90s2333,AT90S2333,2333,Microchip/Atmel,avr,AT90,1E9105,2048,,False,128,,20000,1,6,False,False,avrdude-selected,not-yet-supported,current backend lacks legacy byte-write flash support | current backend lacks byte-write EEPROM metadata
at90s2343,AT90S2343,2343,Microchip/Atmel,avr,AT90,1E9103,2048,,False,128,,18000,1,6,True,False,avrdude-selected+progisp-agrees,not-yet-supported,current backend lacks legacy byte-write flash support | current backend lacks byte-write EEPROM metadata
at90s4414,AT90S4414,4414,Microchip/Atmel,avr,AT90,1E9201,4096,,False,256,,20000,1,6,True,False,avrdude-selected+progisp-disagrees,not-yet-supported,current backend lacks legacy byte-write flash support | current backend lacks byte-write EEPROM metadata
at90s4433,AT90S4433,4433,Microchip/Atmel,avr,AT90,1E9203,4096,,False,256,,20000,1,6,True,False,avrdude-selected+progisp-agrees,not-yet-supported,current backend lacks legacy byte-write flash support | current backend lacks byte-write EEPROM metadata
at90s4434,AT90S4434,4434,Microchip/Atmel,avr,AT90,1E9202,4096,,False,256,,20000,1,6,True,False,avrdude-selected+progisp-agrees,not-yet-supported,current backend lacks legacy byte-write flash support | current backend lacks byte-write EEPROM metadata
at90s8515,AT90S8515,8515,Microchip/Atmel,avr,AT90,1E9301,8192,,False,512,,20000,1,6,True,False,avrdude-selected+progisp-agrees,not-yet-supported,current backend lacks legacy byte-write flash support | current backend lacks byte-write EEPROM metadata
at90s8535,AT90S8535,8535,Microchip/Atmel,avr,AT90,1E9303,8192,,False,512,,20000,1,6,True,False,avrdude-selected+progisp-agrees,not-yet-supported,current backend lacks legacy byte-write flash support | current backend lacks byte-write EEPROM metadata
at90usb1286,AT90USB1286,usb1286,Microchip/Atmel,avr,AT90,1E9782,131072,256,True,4096,8,9000,3,63,True,False,avrdude-selected+progisp-agrees,supported,
at90usb1287,AT90USB1287,usb1287,Microchip/Atmel,avr,AT90,1E9782,131072,256,True,4096,8,9000,3,63,True,False,avrdude-selected+progisp-agrees,supported,
at90usb162,AT90USB162,usb162,Microchip/Atmel,avr,AT90,1E9482,16384,128,True,512,4,9000,3,63,True,False,avrdude-selected+progisp-agrees,supported,
at90usb646,AT90USB646,usb646,Microchip/Atmel,avr,AT90,1E9682,65536,256,True,2048,8,9000,3,63,True,False,avrdude-selected+progisp-agrees,supported,
at90usb647,AT90USB647,usb647,Microchip/Atmel,avr,AT90,1E9682,65536,256,True,2048,8,9000,3,63,True,False,avrdude-selected+progisp-agrees,supported,
at90usb82,AT90USB82,usb82,Microchip/Atmel,avr,AT90,1E9382,8192,128,True,512,4,9000,3,63,True,False,avrdude-selected+progisp-agrees,supported,
ata5505,ATA5505,a5505,Microchip/Atmel,avr,ATA automotive,1E9487,16384,128,True,512,4,4000,3,3,False,False,avrdude-selected,supported,
ata6612c,ATA6612C,a6612c,Microchip/Atmel,avr,ATA automotive,1E930A,8192,64,True,512,4,4000,3,63,True,False,avrdude-selected+progisp-agrees,supported,
ata6613c,ATA6613C,a6613c,Microchip/Atmel,avr,ATA automotive,1E9406,16384,128,True,512,4,9000,3,63,True,False,avrdude-selected+progisp-agrees,supported,
ata6614q,ATA6614Q,a6614q,Microchip/Atmel,avr,ATA automotive,1E950F,32768,128,True,1024,4,9000,3,63,False,False,avrdude-selected,supported,
ata6616c,ATA6616C,a6616c,Microchip/Atmel,avr,ATA automotive,1E9387,8192,128,True,512,4,4000,3,3,False,False,avrdude-selected,supported,
ata6617c,ATA6617C,a6617c,Microchip/Atmel,avr,ATA automotive,1E9487,16384,128,True,512,4,4000,3,3,False,False,avrdude-selected,supported,
ata664251,ATA664251,a664251,Microchip/Atmel,avr,ATA automotive,1E9487,16384,128,True,512,4,4000,3,3,False,False,avrdude-selected,supported,
atmega103,ATmega103,m103,Microchip/Atmel,avr,ATmega,1E9701,131072,256,True,4096,,112000,1,6,True,False,avrdude-selected+progisp-disagrees,not-yet-supported,current backend lacks byte-write EEPROM metadata
atmega128,ATmega128,m128,Microchip/Atmel,avr,ATmega,1E9702,131072,256,True,4096,8,10000,3,63,True,False,avrdude-selected+progisp-agrees,supported,
atmega1280,ATmega1280,m1280,Microchip/Atmel,avr,ATmega,1E9703,131072,256,True,4096,8,9000,3,63,True,False,avrdude-selected+progisp-agrees,supported,
atmega1281,ATmega1281,m1281,Microchip/Atmel,avr,ATmega,1E9704,131072,256,True,4096,8,9000,3,63,True,False,avrdude-selected+progisp-agrees,supported,
atmega1284,ATmega1284,m1284,Microchip/Atmel,avr,ATmega,1E9706,131072,256,True,4096,8,55000,3,63,False,False,avrdude-selected,supported,
atmega1284p,ATmega1284P,m1284p,Microchip/Atmel,avr,ATmega,1E9705,131072,256,True,4096,8,55000,3,63,True,False,avrdude-selected+progisp-agrees,supported,
atmega1284rfr2,ATmega1284RFR2,m1284rfr2,Microchip/Atmel,avr,ATmega,1EA703,131072,256,True,4096,8,18500,3,63,False,False,avrdude-selected,supported,
atmega128a,ATmega128A,m128a,Microchip/Atmel,avr,ATmega,1E9702,131072,256,True,4096,8,10000,3,63,True,False,avrdude-selected+progisp-agrees,supported,
atmega128rfa1,ATmega128RFA1,m128rfa1,Microchip/Atmel,avr,ATmega,1EA701,131072,256,True,4096,8,18500,3,63,True,False,avrdude-selected+progisp-agrees,supported,
atmega128rfr2,ATmega128RFR2,m128rfr2,Microchip/Atmel,avr,ATmega,1EA702,131072,256,True,4096,8,18500,3,63,False,False,avrdude-selected,supported,
atmega16,ATmega16,m16,Microchip/Atmel,avr,ATmega,1E9403,16384,128,True,512,4,9000,2,63,True,False,avrdude-selected+progisp-agrees,supported,
atmega161,ATmega161,m161,Microchip/Atmel,avr,ATmega,1E9401,16384,128,True,512,,28000,1,63,True,False,avrdude-selected+progisp-disagrees,not-yet-supported,current backend lacks byte-write EEPROM metadata
atmega162,ATmega162,m162,Microchip/Atmel,avr,ATmega,1E9404,16384,128,True,512,4,9000,3,63,True,False,avrdude-selected+progisp-agrees,supported,
atmega163,ATmega163,m163,Microchip/Atmel,avr,ATmega,1E9402,16384,128,True,512,,32000,2,63,True,False,avrdude-selected+progisp-disagrees,not-yet-supported,current backend lacks byte-write EEPROM metadata
atmega164a,ATmega164A,m164a,Microchip/Atmel,avr,ATmega,1E940F,16384,128,True,512,4,55000,3,63,False,False,avrdude-selected,supported,
atmega164p,ATmega164P,m164p,Microchip/Atmel,avr,ATmega,1E940A,16384,128,True,512,4,55000,3,63,True,False,avrdude-selected+progisp-agrees,supported,
atmega164pa,ATmega164PA,m164pa,Microchip/Atmel,avr,ATmega,1E940A,16384,128,True,512,4,55000,3,63,True,False,avrdude-selected+progisp-agrees,supported,
atmega165,ATmega165,m165,Microchip/Atmel,avr,ATmega,1E9407,16384,128,True,512,4,9000,3,63,True,False,avrdude-selected+progisp-agrees,supported,
atmega165a,ATmega165A,m165a,Microchip/Atmel,avr,ATmega,1E9410,16384,128,True,512,4,9000,3,63,False,False,avrdude-selected,supported,
atmega165p,ATmega165P,m165p,Microchip/Atmel,avr,ATmega,1E9407,16384,128,True,512,4,9000,3,63,True,False,avrdude-selected+progisp-agrees,supported,
atmega165pa,ATmega165PA,m165pa,Microchip/Atmel,avr,ATmega,1E9407,16384,128,True,512,4,9000,3,63,False,False,avrdude-selected,supported,
atmega168,ATmega168,m168,Microchip/Atmel,avr,ATmega,1E9406,16384,128,True,512,4,9000,3,63,True,False,avrdude-selected+progisp-agrees,supported,
atmega168a,ATmega168A,m168a,Microchip/Atmel,avr,ATmega,1E9406,16384,128,True,512,4,9000,3,63,True,False,avrdude-selected+progisp-agrees,supported,
atmega168p,ATmega168P,m168p,Microchip/Atmel,avr,ATmega,1E940B,16384,128,True,512,4,9000,3,63,True,False,avrdude-selected+progisp-agrees,supported,
atmega168pa,ATmega168PA,m168pa,Microchip/Atmel,avr,ATmega,1E940B,16384,128,True,512,4,9000,3,63,True,False,avrdude-selected+progisp-agrees,supported,
atmega168pb,ATmega168PB,m168pb,Microchip/Atmel,avr,ATmega,1E9415,16384,128,True,512,4,10500,3,63,False,False,avrdude-selected,supported,
atmega169,ATmega169,m169,Microchip/Atmel,avr,ATmega,1E9405,16384,128,True,512,4,9000,3,63,True,False,avrdude-selected+progisp-agrees,supported,
atmega169a,ATmega169A,m169a,Microchip/Atmel,avr,ATmega,1E9411,16384,128,True,512,4,9000,3,63,False,False,avrdude-selected,supported,
atmega169p,ATmega169P,m169p,Microchip/Atmel,avr,ATmega,1E9405,16384,128,True,512,4,9000,3,63,True,False,avrdude-selected+progisp-agrees,supported,
atmega169pa,ATmega169PA,m169pa,Microchip/Atmel,avr,ATmega,1E9405,16384,128,True,512,4,9000,3,63,False,False,avrdude-selected,supported,
atmega16a,ATmega16A,m16a,Microchip/Atmel,avr,ATmega,1E9403,16384,128,True,512,4,9000,2,63,True,False,avrdude-selected+progisp-agrees,supported,
atmega16hva,ATmega16HVA,m16hva,Microchip/Atmel,avr,ATmega,1E940C,16384,128,True,256,4,4000,1,3,True,False,avrdude-selected+progisp-disagrees,supported,
atmega16hvb,ATmega16HVB,m16hvb,Microchip/Atmel,avr,ATmega,1E940D,16384,128,True,512,4,4000,2,63,True,False,avrdude-selected+progisp-agrees,supported,
atmega16hvbrevb,ATmega16HVBrevB,m16hvbrevb,Microchip/Atmel,avr,ATmega,1E940D,16384,128,True,512,4,4000,2,63,False,False,avrdude-selected,supported,
atmega16m1,ATmega16M1,m16m1,Microchip/Atmel,avr,ATmega,1E9484,16384,128,True,512,4,9000,3,63,True,False,avrdude-selected+progisp-agrees,supported,
atmega16u2,ATmega16U2,m16u2,Microchip/Atmel,avr,ATmega,1E9489,16384,128,True,512,4,9000,3,63,True,False,avrdude-selected+progisp-agrees,supported,
atmega16u4,ATmega16U4,m16u4,Microchip/Atmel,avr,ATmega,1E9488,16384,128,True,512,4,9000,3,63,True,False,avrdude-selected+progisp-agrees,supported,
atmega2560,ATmega2560,m2560,Microchip/Atmel,avr,ATmega,1E9801,262144,256,True,4096,8,9000,3,63,True,False,avrdude-selected+progisp-agrees,supported,
atmega2561,ATmega2561,m2561,Microchip/Atmel,avr,ATmega,1E9802,262144,256,True,4096,8,9000,3,63,True,False,avrdude-selected+progisp-agrees,supported,
atmega2564rfr2,ATmega2564RFR2,m2564rfr2,Microchip/Atmel,avr,ATmega,1EA803,262144,256,True,8192,8,18500,3,63,False,False,avrdude-selected,supported,
atmega256rfr2,ATmega256RFR2,m256rfr2,Microchip/Atmel,avr,ATmega,1EA802,262144,256,True,8192,8,18500,3,63,False,False,avrdude-selected,supported,
atmega32,ATmega32,m32,Microchip/Atmel,avr,ATmega,1E9502,32768,128,True,1024,4,9000,2,63,True,False,avrdude-selected+progisp-agrees,supported,
atmega323,ATmega323,m323,Microchip/Atmel,avr,ATmega,1E9501,32768,128,True,1024,1,32000,2,63,True,False,official-datasheet-selected+progisp-cross-check+historical-avrdude-signature,supported,
atmega324a,ATmega324A,m324a,Microchip/Atmel,avr,ATmega,1E9515,32768,128,True,1024,4,55000,3,63,False,False,avrdude-selected,supported,
atmega324p,ATmega324P,m324p,Microchip/Atmel,avr,ATmega,1E9508,32768,128,True,1024,4,55000,3,63,True,False,avrdude-selected+progisp-agrees,supported,
atmega324pa,ATmega324PA,m324pa,Microchip/Atmel,avr,ATmega,1E9511,32768,128,True,1024,4,55000,3,63,True,False,avrdude-selected+progisp-agrees,supported,
atmega324pb,ATmega324PB,m324pb,Microchip/Atmel,avr,ATmega,1E9517,32768,128,True,1024,4,55000,3,63,False,False,avrdude-selected,supported,
atmega325,ATmega325,m325,Microchip/Atmel,avr,ATmega,1E9505,32768,128,True,1024,4,9000,3,63,True,False,avrdude-selected+progisp-disagrees,supported,
atmega3250,ATmega3250,m3250,Microchip/Atmel,avr,ATmega,1E9506,32768,128,True,1024,4,9000,3,63,True,False,avrdude-selected+progisp-agrees,supported,
atmega3250a,ATmega3250A,m3250a,Microchip/Atmel,avr,ATmega,1E9506,32768,128,True,1024,4,9000,3,63,True,False,avrdude-selected+progisp-agrees,supported,
atmega3250p,ATmega3250P,m3250p,Microchip/Atmel,avr,ATmega,1E950E,32768,128,True,1024,4,9000,3,63,True,False,avrdude-selected+progisp-agrees,supported,
atmega3250pa,ATmega3250PA,m3250pa,Microchip/Atmel,avr,ATmega,1E950E,32768,128,True,1024,4,9000,3,63,False,False,avrdude-selected,supported,
atmega325a,ATmega325A,m325a,Microchip/Atmel,avr,ATmega,1E9505,32768,128,True,1024,4,9000,3,63,True,False,avrdude-selected+progisp-disagrees,supported,
atmega325p,ATmega325P,m325p,Microchip/Atmel,avr,ATmega,1E950D,32768,128,True,1024,4,9000,3,63,True,False,avrdude-selected+progisp-disagrees,supported,
atmega325pa,ATmega325PA,m325pa,Microchip/Atmel,avr,ATmega,1E950D,32768,128,True,1024,4,9000,3,63,False,False,avrdude-selected,supported,
atmega328,ATmega328,m328,Microchip/Atmel,avr,ATmega,1E9514,32768,128,True,1024,4,9000,3,63,False,False,avrdude-selected,supported,
atmega328p,ATmega328P,m328p,Microchip/Atmel,avr,ATmega,1E950F,32768,128,True,1024,4,9000,3,63,True,False,avrdude-selected+progisp-disagrees,supported,
atmega328pb,ATmega328PB,m328pb,Microchip/Atmel,avr,ATmega,1E9516,32768,128,True,1024,4,10500,3,63,False,False,avrdude-selected,supported,
atmega329,ATmega329,m329,Microchip/Atmel,avr,ATmega,1E9503,32768,128,True,1024,4,9000,3,63,True,False,avrdude-selected+progisp-agrees,supported,
atmega3290,ATmega3290,m3290,Microchip/Atmel,avr,ATmega,1E9504,32768,128,True,1024,4,9000,3,63,True,False,avrdude-selected+progisp-agrees,supported,
atmega3290a,ATmega3290A,m3290a,Microchip/Atmel,avr,ATmega,1E9504,32768,128,True,1024,4,9000,3,63,True,False,avrdude-selected+progisp-agrees,supported,
atmega3290p,ATmega3290P,m3290p,Microchip/Atmel,avr,ATmega,1E950C,32768,128,True,1024,4,9000,3,63,True,False,avrdude-selected+progisp-agrees,supported,
atmega3290pa,ATmega3290PA,m3290pa,Microchip/Atmel,avr,ATmega,1E950C,32768,128,True,1024,4,9000,3,63,False,False,avrdude-selected,supported,
atmega329a,ATmega329A,m329a,Microchip/Atmel,avr,ATmega,1E9503,32768,128,True,1024,4,9000,3,63,True,False,avrdude-selected+progisp-agrees,supported,
atmega329p,ATmega329P,m329p,Microchip/Atmel,avr,ATmega,1E950B,32768,128,True,1024,4,9000,3,63,True,False,avrdude-selected+progisp-agrees,supported,
atmega329pa,ATmega329PA,m329pa,Microchip/Atmel,avr,ATmega,1E950B,32768,128,True,1024,4,9000,3,63,False,False,avrdude-selected,supported,
atmega32a,ATmega32A,m32a,Microchip/Atmel,avr,ATmega,1E9502,32768,128,True,1024,4,9000,2,63,True,False,avrdude-selected+progisp-agrees,supported,
atmega32c1,ATmega32C1,m32c1,Microchip/Atmel,avr,ATmega,1E9586,32768,128,True,1024,4,9000,3,63,True,False,avrdude-selected+progisp-agrees,supported,
atmega32hvb,ATmega32HVB,m32hvb,Microchip/Atmel,avr,ATmega,1E9510,32768,128,True,1024,4,4000,2,63,True,False,avrdude-selected+progisp-agrees,supported,
atmega32hvbrevb,ATmega32HVBrevB,m32hvbrevb,Microchip/Atmel,avr,ATmega,1E9510,32768,128,True,1024,4,4000,2,63,False,False,avrdude-selected,supported,
atmega32hve2,ATmega32HVE2,m32hve2,Microchip/Atmel,avr,ATmega,1E9513,32768,128,True,1024,4,4000,2,63,False,False,avrdude-selected,supported,
atmega32m1,ATmega32M1,m32m1,Microchip/Atmel,avr,ATmega,1E9584,32768,128,True,1024,4,9000,3,63,True,False,avrdude-selected+progisp-agrees,supported,
atmega32u2,ATmega32U2,m32u2,Microchip/Atmel,avr,ATmega,1E958A,32768,128,True,1024,4,9000,3,63,True,False,avrdude-selected+progisp-agrees,supported,
atmega32u4,ATmega32U4,m32u4,Microchip/Atmel,avr,ATmega,1E9587,32768,128,True,1024,4,9000,3,63,True,False,avrdude-selected+progisp-agrees,supported,
atmega48,ATmega48,m48,Microchip/Atmel,avr,ATmega,1E9205,4096,64,True,256,4,45000,3,3,True,False,avrdude-selected+progisp-agrees,supported,
atmega48a,ATmega48A,m48a,Microchip/Atmel,avr,ATmega,1E9205,4096,64,True,256,4,45000,3,3,True,False,avrdude-selected+progisp-agrees,supported,
atmega48p,ATmega48P,m48p,Microchip/Atmel,avr,ATmega,1E920A,4096,64,True,256,4,45000,3,3,True,False,avrdude-selected+progisp-agrees,supported,
atmega48pa,ATmega48PA,m48pa,Microchip/Atmel,avr,ATmega,1E920A,4096,64,True,256,4,45000,3,3,True,False,avrdude-selected+progisp-agrees,supported,
atmega48pb,ATmega48PB,m48pb,Microchip/Atmel,avr,ATmega,1E9210,4096,64,True,256,4,10500,3,3,False,False,avrdude-selected,supported,
atmega64,ATmega64,m64,Microchip/Atmel,avr,ATmega,1E9602,65536,256,True,2048,8,9000,3,63,True,False,avrdude-selected+progisp-agrees,supported,
atmega640,ATmega640,m640,Microchip/Atmel,avr,ATmega,1E9608,65536,256,True,4096,8,9000,3,63,True,False,avrdude-selected+progisp-agrees,supported,
atmega644,ATmega644,m644,Microchip/Atmel,avr,ATmega,1E9609,65536,256,True,2048,8,55000,3,63,True,False,avrdude-selected+progisp-disagrees,supported,
atmega644a,ATmega644A,m644a,Microchip/Atmel,avr,ATmega,1E9609,65536,256,True,2048,8,55000,3,63,True,False,avrdude-selected+progisp-disagrees,supported,
atmega644p,ATmega644P,m644p,Microchip/Atmel,avr,ATmega,1E960A,65536,256,True,2048,8,55000,3,63,True,False,avrdude-selected+progisp-agrees,supported,
atmega644pa,ATmega644PA,m644pa,Microchip/Atmel,avr,ATmega,1E960A,65536,256,True,2048,8,55000,3,63,True,False,avrdude-selected+progisp-agrees,supported,
atmega644rfr2,ATmega644RFR2,m644rfr2,Microchip/Atmel,avr,ATmega,1EA603,65536,256,True,2048,8,18500,3,63,False,False,avrdude-selected,supported,
atmega645,ATmega645,m645,Microchip/Atmel,avr,ATmega,1E9605,65536,256,True,2048,8,9000,3,63,True,False,avrdude-selected+progisp-agrees,supported,
atmega6450,ATmega6450,m6450,Microchip/Atmel,avr,ATmega,1E9606,65536,256,True,2048,8,9000,3,63,True,False,avrdude-selected+progisp-agrees,supported,
atmega6450a,ATmega6450A,m6450a,Microchip/Atmel,avr,ATmega,1E9606,65536,256,True,2048,8,9000,3,63,True,False,avrdude-selected+progisp-agrees,supported,
atmega6450p,ATmega6450P,m6450p,Microchip/Atmel,avr,ATmega,1E960E,65536,256,True,2048,8,9000,3,63,False,False,avrdude-selected,supported,
atmega645a,ATmega645A,m645a,Microchip/Atmel,avr,ATmega,1E9605,65536,256,True,2048,8,9000,3,63,True,False,avrdude-selected+progisp-agrees,supported,
atmega645p,ATmega645P,m645p,Microchip/Atmel,avr,ATmega,1E960D,65536,256,True,2048,8,9000,3,63,False,False,avrdude-selected,supported,
atmega649,ATmega649,m649,Microchip/Atmel,avr,ATmega,1E9603,65536,256,True,2048,8,9000,3,63,True,False,avrdude-selected+progisp-agrees,supported,
atmega6490,ATmega6490,m6490,Microchip/Atmel,avr,ATmega,1E9604,65536,256,True,2048,8,9000,3,63,True,False,avrdude-selected+progisp-agrees,supported,
atmega6490a,ATmega6490A,m6490a,Microchip/Atmel,avr,ATmega,1E9604,65536,256,True,2048,8,9000,3,63,True,False,avrdude-selected+progisp-agrees,supported,
atmega6490p,ATmega6490P,m6490p,Microchip/Atmel,avr,ATmega,1E960C,65536,256,True,2048,8,9000,3,63,False,False,avrdude-selected,supported,
atmega649a,ATmega649A,m649a,Microchip/Atmel,avr,ATmega,1E9603,65536,256,True,2048,8,9000,3,63,True,False,avrdude-selected+progisp-agrees,supported,
atmega649p,ATmega649P,m649p,Microchip/Atmel,avr,ATmega,1E960B,65536,256,True,2048,8,9000,3,63,False,False,avrdude-selected,supported,
atmega64a,ATmega64A,m64a,Microchip/Atmel,avr,ATmega,1E9602,65536,256,True,2048,8,9000,3,63,True,False,avrdude-selected+progisp-agrees,supported,
atmega64c1,ATmega64C1,m64c1,Microchip/Atmel,avr,ATmega,1E9686,65536,256,True,2048,8,9000,3,63,True,False,avrdude-selected+progisp-agrees,supported,
atmega64hve2,ATmega64HVE2,m64hve2,Microchip/Atmel,avr,ATmega,1E9610,65536,128,True,1024,4,4000,2,63,False,False,avrdude-selected,supported,
atmega64m1,ATmega64M1,m64m1,Microchip/Atmel,avr,ATmega,1E9684,65536,256,True,2048,8,9000,3,63,True,False,avrdude-selected+progisp-agrees,supported,
atmega64rfr2,ATmega64RFR2,m64rfr2,Microchip/Atmel,avr,ATmega,1EA602,65536,256,True,2048,8,18500,3,63,False,False,avrdude-selected,supported,
atmega8,ATmega8,m8,Microchip/Atmel,avr,ATmega,1E9307,8192,64,True,512,4,9000,2,63,True,False,avrdude-selected+progisp-agrees,supported,
atmega8515,ATmega8515,m8515,Microchip/Atmel,avr,ATmega,1E9306,8192,64,True,512,,9000,2,63,True,False,avrdude-selected+progisp-disagrees,not-yet-supported,current backend lacks byte-write EEPROM metadata
atmega8535,ATmega8535,m8535,Microchip/Atmel,avr,ATmega,1E9308,8192,64,True,512,,9000,2,63,True,False,avrdude-selected+progisp-disagrees,not-yet-supported,current backend lacks byte-write EEPROM metadata
atmega88,ATmega88,m88,Microchip/Atmel,avr,ATmega,1E930A,8192,64,True,512,4,9000,3,63,True,False,avrdude-selected+progisp-agrees,supported,
atmega88a,ATmega88A,m88a,Microchip/Atmel,avr,ATmega,1E930A,8192,64,True,512,4,9000,3,63,True,False,avrdude-selected+progisp-agrees,supported,
atmega88p,ATmega88P,m88p,Microchip/Atmel,avr,ATmega,1E930F,8192,64,True,512,4,9000,3,63,True,False,avrdude-selected+progisp-agrees,supported,
atmega88pa,ATmega88PA,m88pa,Microchip/Atmel,avr,ATmega,1E930F,8192,64,True,512,4,9000,3,63,True,False,avrdude-selected+progisp-agrees,supported,
atmega88pb,ATmega88PB,m88pb,Microchip/Atmel,avr,ATmega,1E9316,8192,64,True,512,4,10500,3,63,False,False,avrdude-selected,supported,
atmega8a,ATmega8A,m8a,Microchip/Atmel,avr,ATmega,1E9307,8192,64,True,512,4,9000,2,63,True,False,avrdude-selected+progisp-agrees,supported,
atmega8hva,ATmega8HVA,m8hva,Microchip/Atmel,avr,ATmega,1E9310,8192,128,True,256,4,4000,1,3,True,False,avrdude-selected+progisp-agrees,supported,
atmega8u2,ATmega8U2,m8u2,Microchip/Atmel,avr,ATmega,1E9389,8192,128,True,512,4,9000,3,63,True,False,avrdude-selected+progisp-agrees,supported,
atmegas128,ATmegaS128,ms128,Microchip/Atmel,avr,ATmega,1E9702,131072,256,True,4096,8,10000,3,63,False,False,avrdude-selected,supported,
atmegas64m1,ATmegaS64M1,ms64m1,Microchip/Atmel,avr,ATmega,1E9684,65536,256,True,2048,8,10500,3,63,False,False,avrdude-selected,supported,
attiny12,ATtiny12,t12,Microchip/Atmel,avr,ATtiny,1E9005,1024,,False,64,,20000,1,6,True,False,avrdude-selected+progisp-agrees,not-yet-supported,current backend lacks legacy byte-write flash support | current backend lacks byte-write EEPROM metadata
attiny13,ATtiny13,t13,Microchip/Atmel,avr,ATtiny,1E9007,1024,32,True,64,4,4000,2,3,True,False,avrdude-selected+progisp-agrees,supported,
attiny13a,ATtiny13A,t13a,Microchip/Atmel,avr,ATtiny,1E9007,1024,32,True,64,4,4000,2,3,True,False,avrdude-selected+progisp-agrees,supported,
attiny15,ATtiny15,t15,Microchip/Atmel,avr,ATtiny,1E9006,1024,,False,64,,8200,1,6,True,False,avrdude-selected+progisp-agrees,not-yet-supported,current backend lacks legacy byte-write flash support | current backend lacks byte-write EEPROM metadata
attiny1634,ATtiny1634,t1634,Microchip/Atmel,avr,ATtiny,1E9412,16384,32,True,256,4,9000,3,3,False,False,avrdude-selected,supported,
attiny1634r,ATtiny1634R,t1634r,Microchip/Atmel,avr,ATtiny,1E9412,16384,32,True,256,4,9000,3,3,False,False,avrdude-selected,supported,
attiny167,ATtiny167,t167,Microchip/Atmel,avr,ATtiny,1E9487,16384,128,True,512,4,15000,3,3,True,False,avrdude-selected+progisp-agrees,supported,
attiny22,ATtiny22,t22,Microchip/Atmel,avr,ATtiny,1E9106,2048,,False,128,,18000,1,6,True,False,avrdude-selected+progisp-agrees,not-yet-supported,current backend lacks legacy byte-write flash support | current backend lacks byte-write EEPROM metadata
attiny2313,ATtiny2313,t2313,Microchip/Atmel,avr,ATtiny,1E910A,2048,32,True,128,4,9000,3,3,True,False,avrdude-selected+progisp-agrees,supported,
attiny2313a,ATtiny2313A,t2313a,Microchip/Atmel,avr,ATtiny,1E910A,2048,32,True,128,4,9000,3,3,True,False,avrdude-selected+progisp-agrees,supported,
attiny24,ATtiny24,t24,Microchip/Atmel,avr,ATtiny,1E910B,2048,32,True,128,4,4500,3,3,True,False,avrdude-selected+progisp-agrees,supported,
attiny24a,ATtiny24A,t24a,Microchip/Atmel,avr,ATtiny,1E910B,2048,32,True,128,4,4500,3,3,True,False,avrdude-selected+progisp-agrees,supported,
attiny25,ATtiny25,t25,Microchip/Atmel,avr,ATtiny,1E9108,2048,32,True,128,4,4500,3,3,True,False,avrdude-selected+progisp-agrees,supported,
attiny26,ATtiny26,t26,Microchip/Atmel,avr,ATtiny,1E9109,2048,32,True,128,,9000,2,3,True,False,avrdude-selected+progisp-disagrees,not-yet-supported,current backend lacks byte-write EEPROM metadata
attiny261,ATtiny261,t261,Microchip/Atmel,avr,ATtiny,1E910C,2048,32,True,128,4,4000,3,3,True,False,avrdude-selected+progisp-agrees,supported,
attiny261a,ATtiny261A,t261a,Microchip/Atmel,avr,ATtiny,1E910C,2048,32,True,128,4,4000,3,3,True,False,avrdude-selected+progisp-agrees,supported,
attiny4313,ATtiny4313,t4313,Microchip/Atmel,avr,ATtiny,1E920D,4096,64,True,256,4,9000,3,3,False,False,avrdude-selected,supported,
attiny43u,ATtiny43U,t43u,Microchip/Atmel,avr,ATtiny,1E920C,4096,64,True,64,4,1000,3,3,True,False,avrdude-selected+progisp-agrees,supported,
attiny44,ATtiny44,t44,Microchip/Atmel,avr,ATtiny,1E9207,4096,64,True,256,4,4500,3,3,True,False,avrdude-selected+progisp-agrees,supported,
attiny441,ATtiny441,t441,Microchip/Atmel,avr,ATtiny,1E9215,4096,16,True,256,4,4500,3,3,False,False,avrdude-selected,supported,
attiny44a,ATtiny44A,t44a,Microchip/Atmel,avr,ATtiny,1E9207,4096,64,True,256,4,4500,3,3,True,False,avrdude-selected+progisp-agrees,supported,
attiny45,ATtiny45,t45,Microchip/Atmel,avr,ATtiny,1E9206,4096,64,True,256,4,4500,3,3,True,False,avrdude-selected+progisp-agrees,supported,
attiny461,ATtiny461,t461,Microchip/Atmel,avr,ATtiny,1E9208,4096,64,True,256,4,4000,3,3,True,False,avrdude-selected+progisp-agrees,supported,
attiny461a,ATtiny461A,t461a,Microchip/Atmel,avr,ATtiny,1E9208,4096,64,True,256,4,4000,3,3,True,False,avrdude-selected+progisp-agrees,supported,
attiny48,ATtiny48,t48,Microchip/Atmel,avr,ATtiny,1E9209,4096,64,True,64,4,15000,3,3,True,False,avrdude-selected+progisp-agrees,supported,
attiny828,ATtiny828,t828,Microchip/Atmel,avr,ATtiny,1E9314,8192,64,True,256,4,15000,3,63,False,False,avrdude-selected,supported,
attiny828r,ATtiny828R,t828r,Microchip/Atmel,avr,ATtiny,1E9314,8192,64,True,256,4,15000,3,63,False,False,avrdude-selected,supported,
attiny84,ATtiny84,t84,Microchip/Atmel,avr,ATtiny,1E930C,8192,64,True,512,4,4500,3,3,True,False,avrdude-selected+progisp-agrees,supported,
attiny841,ATtiny841,t841,Microchip/Atmel,avr,ATtiny,1E9315,8192,16,True,512,4,4500,3,3,False,False,avrdude-selected,supported,
attiny84a,ATtiny84A,t84a,Microchip/Atmel,avr,ATtiny,1E930C,8192,64,True,512,4,4500,3,3,True,False,avrdude-selected+progisp-agrees,supported,
attiny85,ATtiny85,t85,Microchip/Atmel,avr,ATtiny,1E930B,8192,64,True,512,4,4500,3,3,True,False,avrdude-selected+progisp-agrees,supported,
attiny861,ATtiny861,t861,Microchip/Atmel,avr,ATtiny,1E930D,8192,64,True,512,4,4000,3,3,True,False,avrdude-selected+progisp-agrees,supported,
attiny861a,ATtiny861A,t861a,Microchip/Atmel,avr,ATtiny,1E930D,8192,64,True,512,4,4000,3,3,True,False,avrdude-selected+progisp-agrees,supported,
attiny87,ATtiny87,t87,Microchip/Atmel,avr,ATtiny,1E9387,8192,128,True,512,4,15000,3,3,False,False,avrdude-selected,supported,
attiny88,ATtiny88,t88,Microchip/Atmel,avr,ATtiny,1E9311,8192,64,True,64,4,9000,3,3,True,False,avrdude-selected+progisp-agrees,supported,
lgt8f168p,LGT8F168P,lgt168p,LogicGreen,avr-compatible,LGT8F AVR-compatible,1E940B,16384,128,True,512,4,9000,3,0,False,False,avrdude-selected,not-yet-supported,not an official Microchip/Atmel AVR record
lgt8f328p,LGT8F328P,lgt328p,LogicGreen,avr-compatible,LGT8F AVR-compatible,1E950F,32768,128,True,1024,4,9000,3,0,False,False,avrdude-selected,not-yet-supported,not an official Microchip/Atmel AVR record
lgt8f88p,LGT8F88P,lgt88p,LogicGreen,avr-compatible,LGT8F AVR-compatible,1E930F,8192,64,True,512,4,9000,3,0,False,False,avrdude-selected,not-yet-supported,not an official Microchip/Atmel AVR record
at89s51,AT89S51,89S51,Atmel/Microchip,non-avr-spi-programmable,AT89S 8051,1E5106,4096,,False,0,,250000,0,0,False,False,avrdude-selected,not-yet-supported,not an official Microchip/Atmel AVR record | current backend lacks legacy byte-write flash support
at89s52,AT89S52,89S52,Atmel/Microchip,non-avr-spi-programmable,AT89S 8051,1E5206,8192,,False,0,,250000,0,0,False,False,avrdude-selected,not-yet-supported,not an official Microchip/Atmel AVR record | current backend lacks legacy byte-write flash support
