name,class,signature,capacity_code,flash_size,flash_guess,flash_match,page_size,page_guess,page_match
AT90CAN128,avr,1E9781,7,131072,131072,True,256,256,True
AT90CAN32,avr,1E9581,5,32768,32768,True,256,128,False
AT90CAN64,avr,1E9681,6,65536,65536,True,256,256,True
AT90PWM1,avr,1E9383,3,8192,8192,True,64,64,True
AT90PWM161,avr,1E948B,4,16384,16384,True,128,128,True
AT90PWM2,avr,1E9381,3,8192,8192,True,64,64,True
AT90PWM216,avr,1E9483,4,16384,16384,True,128,128,True
AT90PWM2B,avr,1E9383,3,8192,8192,True,64,64,True
AT90PWM3,avr,1E9381,3,8192,8192,True,64,64,True
AT90PWM316,avr,1E9483,4,16384,16384,True,128,128,True
AT90PWM3B,avr,1E9383,3,8192,8192,True,64,64,True
AT90PWM81,avr,1E9388,3,8192,8192,True,64,64,True
AT90S1200,avr,1E9001,0,1024,1024,True,,32,
AT90S2313,avr,1E9101,1,2048,2048,True,,32,
AT90S2323,avr,1E9102,1,2048,2048,True,,32,
AT90S2333,avr,1E9105,1,2048,2048,True,,32,
AT90S2343,avr,1E9103,1,2048,2048,True,,32,
AT90S4414,avr,1E9201,2,4096,4096,True,,64,
AT90S4433,avr,1E9203,2,4096,4096,True,,64,
AT90S4434,avr,1E9202,2,4096,4096,True,,64,
AT90S8515,avr,1E9301,3,8192,8192,True,,64,
AT90S8535,avr,1E9303,3,8192,8192,True,,64,
AT90USB1286,avr,1E9782,7,131072,131072,True,256,256,True
AT90USB1287,avr,1E9782,7,131072,131072,True,256,256,True
AT90USB162,avr,1E9482,4,16384,16384,True,128,128,True
AT90USB646,avr,1E9682,6,65536,65536,True,256,256,True
AT90USB647,avr,1E9682,6,65536,65536,True,256,256,True
AT90USB82,avr,1E9382,3,8192,8192,True,128,64,False
ATA5505,avr,1E9487,4,16384,16384,True,128,128,True
ATA6612C,avr,1E930A,3,8192,8192,True,64,64,True
ATA6613C,avr,1E9406,4,16384,16384,True,128,128,True
ATA6614Q,avr,1E950F,5,32768,32768,True,128,128,True
ATA6616C,avr,1E9387,3,8192,8192,True,128,64,False
ATA6617C,avr,1E9487,4,16384,16384,True,128,128,True
ATA664251,avr,1E9487,4,16384,16384,True,128,128,True
ATmega103,avr,1E9701,7,131072,131072,True,256,256,True
ATmega128,avr,1E9702,7,131072,131072,True,256,256,True
ATmega1280,avr,1E9703,7,131072,131072,True,256,256,True
ATmega1281,avr,1E9704,7,131072,131072,True,256,256,True
ATmega1284,avr,1E9706,7,131072,131072,True,256,256,True
ATmega1284P,avr,1E9705,7,131072,131072,True,256,256,True
ATmega1284RFR2,avr,1EA703,7,131072,131072,True,256,256,True
ATmega128A,avr,1E9702,7,131072,131072,True,256,256,True
ATmega128RFA1,avr,1EA701,7,131072,131072,True,256,256,True
ATmega128RFR2,avr,1EA702,7,131072,131072,True,256,256,True
ATmega16,avr,1E9403,4,16384,16384,True,128,128,True
ATmega161,avr,1E9401,4,16384,16384,True,128,128,True
ATmega162,avr,1E9404,4,16384,16384,True,128,128,True
ATmega163,avr,1E9402,4,16384,16384,True,128,128,True
ATmega164A,avr,1E940F,4,16384,16384,True,128,128,True
ATmega164P,avr,1E940A,4,16384,16384,True,128,128,True
ATmega164PA,avr,1E940A,4,16384,16384,True,128,128,True
ATmega165,avr,1E9407,4,16384,16384,True,128,128,True
ATmega165A,avr,1E9410,4,16384,16384,True,128,128,True
ATmega165P,avr,1E9407,4,16384,16384,True,128,128,True
ATmega165PA,avr,1E9407,4,16384,16384,True,128,128,True
ATmega168,avr,1E9406,4,16384,16384,True,128,128,True
ATmega168A,avr,1E9406,4,16384,16384,True,128,128,True
ATmega168P,avr,1E940B,4,16384,16384,True,128,128,True
ATmega168PA,avr,1E940B,4,16384,16384,True,128,128,True
ATmega168PB,avr,1E9415,4,16384,16384,True,128,128,True
ATmega169,avr,1E9405,4,16384,16384,True,128,128,True
ATmega169A,avr,1E9411,4,16384,16384,True,128,128,True
ATmega169P,avr,1E9405,4,16384,16384,True,128,128,True
ATmega169PA,avr,1E9405,4,16384,16384,True,128,128,True
ATmega16A,avr,1E9403,4,16384,16384,True,128,128,True
ATmega16HVA,avr,1E940C,4,16384,16384,True,128,128,True
ATmega16HVB,avr,1E940D,4,16384,16384,True,128,128,True
ATmega16HVBrevB,avr,1E940D,4,16384,16384,True,128,128,True
ATmega16M1,avr,1E9484,4,16384,16384,True,128,128,True
ATmega16U2,avr,1E9489,4,16384,16384,True,128,128,True
ATmega16U4,avr,1E9488,4,16384,16384,True,128,128,True
ATmega2560,avr,1E9801,8,262144,262144,True,256,64,False
ATmega2561,avr,1E9802,8,262144,262144,True,256,64,False
ATmega2564RFR2,avr,1EA803,8,262144,262144,True,256,64,False
ATmega256RFR2,avr,1EA802,8,262144,262144,True,256,64,False
ATmega32,avr,1E9502,5,32768,32768,True,128,128,True
ATmega323,avr,1E9501,5,32768,32768,True,128,128,True
ATmega324A,avr,1E9515,5,32768,32768,True,128,128,True
ATmega324P,avr,1E9508,5,32768,32768,True,128,128,True
ATmega324PA,avr,1E9511,5,32768,32768,True,128,128,True
ATmega324PB,avr,1E9517,5,32768,32768,True,128,128,True
ATmega325,avr,1E9505,5,32768,32768,True,128,128,True
ATmega3250,avr,1E9506,5,32768,32768,True,128,128,True
ATmega3250A,avr,1E9506,5,32768,32768,True,128,128,True
ATmega3250P,avr,1E950E,5,32768,32768,True,128,128,True
ATmega3250PA,avr,1E950E,5,32768,32768,True,128,128,True
ATmega325A,avr,1E9505,5,32768,32768,True,128,128,True
ATmega325P,avr,1E950D,5,32768,32768,True,128,128,True
ATmega325PA,avr,1E950D,5,32768,32768,True,128,128,True
ATmega328,avr,1E9514,5,32768,32768,True,128,128,True
ATmega328P,avr,1E950F,5,32768,32768,True,128,128,True
ATmega328PB,avr,1E9516,5,32768,32768,True,128,128,True
ATmega329,avr,1E9503,5,32768,32768,True,128,128,True
ATmega3290,avr,1E9504,5,32768,32768,True,128,128,True
ATmega3290A,avr,1E9504,5,32768,32768,True,128,128,True
ATmega3290P,avr,1E950C,5,32768,32768,True,128,128,True
ATmega3290PA,avr,1E950C,5,32768,32768,True,128,128,True
ATmega329A,avr,1E9503,5,32768,32768,True,128,128,True
ATmega329P,avr,1E950B,5,32768,32768,True,128,128,True
ATmega329PA,avr,1E950B,5,32768,32768,True,128,128,True
ATmega32A,avr,1E9502,5,32768,32768,True,128,128,True
ATmega32C1,avr,1E9586,5,32768,32768,True,128,128,True
ATmega32HVB,avr,1E9510,5,32768,32768,True,128,128,True
ATmega32HVBrevB,avr,1E9510,5,32768,32768,True,128,128,True
ATmega32HVE2,avr,1E9513,5,32768,32768,True,128,128,True
ATmega32M1,avr,1E9584,5,32768,32768,True,128,128,True
ATmega32U2,avr,1E958A,5,32768,32768,True,128,128,True
ATmega32U4,avr,1E9587,5,32768,32768,True,128,128,True
ATmega48,avr,1E9205,2,4096,4096,True,64,64,True
ATmega48A,avr,1E9205,2,4096,4096,True,64,64,True
ATmega48P,avr,1E920A,2,4096,4096,True,64,64,True
ATmega48PA,avr,1E920A,2,4096,4096,True,64,64,True
ATmega48PB,avr,1E9210,2,4096,4096,True,64,64,True
ATmega64,avr,1E9602,6,65536,65536,True,256,256,True
ATmega640,avr,1E9608,6,65536,65536,True,256,256,True
ATmega644,avr,1E9609,6,65536,65536,True,256,256,True
ATmega644A,avr,1E9609,6,65536,65536,True,256,256,True
ATmega644P,avr,1E960A,6,65536,65536,True,256,256,True
ATmega644PA,avr,1E960A,6,65536,65536,True,256,256,True
ATmega644RFR2,avr,1EA603,6,65536,65536,True,256,256,True
ATmega645,avr,1E9605,6,65536,65536,True,256,256,True
ATmega6450,avr,1E9606,6,65536,65536,True,256,256,True
ATmega6450A,avr,1E9606,6,65536,65536,True,256,256,True
ATmega6450P,avr,1E960E,6,65536,65536,True,256,256,True
ATmega645A,avr,1E9605,6,65536,65536,True,256,256,True
ATmega645P,avr,1E960D,6,65536,65536,True,256,256,True
ATmega649,avr,1E9603,6,65536,65536,True,256,256,True
ATmega6490,avr,1E9604,6,65536,65536,True,256,256,True
ATmega6490A,avr,1E9604,6,65536,65536,True,256,256,True
ATmega6490P,avr,1E960C,6,65536,65536,True,256,256,True
ATmega649A,avr,1E9603,6,65536,65536,True,256,256,True
ATmega649P,avr,1E960B,6,65536,65536,True,256,256,True
ATmega64A,avr,1E9602,6,65536,65536,True,256,256,True
ATmega64C1,avr,1E9686,6,65536,65536,True,256,256,True
ATmega64HVE2,avr,1E9610,6,65536,65536,True,128,256,False
ATmega64M1,avr,1E9684,6,65536,65536,True,256,256,True
ATmega64RFR2,avr,1EA602,6,65536,65536,True,256,256,True
ATmega8,avr,1E9307,3,8192,8192,True,64,64,True
ATmega8515,avr,1E9306,3,8192,8192,True,64,64,True
ATmega8535,avr,1E9308,3,8192,8192,True,64,64,True
ATmega88,avr,1E930A,3,8192,8192,True,64,64,True
ATmega88A,avr,1E930A,3,8192,8192,True,64,64,True
ATmega88P,avr,1E930F,3,8192,8192,True,64,64,True
ATmega88PA,avr,1E930F,3,8192,8192,True,64,64,True
ATmega88PB,avr,1E9316,3,8192,8192,True,64,64,True
ATmega8A,avr,1E9307,3,8192,8192,True,64,64,True
ATmega8HVA,avr,1E9310,3,8192,8192,True,128,64,False
ATmega8U2,avr,1E9389,3,8192,8192,True,128,64,False
ATmegaS128,avr,1E9702,7,131072,131072,True,256,256,True
ATmegaS64M1,avr,1E9684,6,65536,65536,True,256,256,True
ATtiny12,avr,1E9005,0,1024,1024,True,,32,
ATtiny13,avr,1E9007,0,1024,1024,True,32,32,True
ATtiny13A,avr,1E9007,0,1024,1024,True,32,32,True
ATtiny15,avr,1E9006,0,1024,1024,True,,32,
ATtiny1634,avr,1E9412,4,16384,16384,True,32,128,False
ATtiny1634R,avr,1E9412,4,16384,16384,True,32,128,False
ATtiny167,avr,1E9487,4,16384,16384,True,128,128,True
ATtiny22,avr,1E9106,1,2048,2048,True,,32,
ATtiny2313,avr,1E910A,1,2048,2048,True,32,32,True
ATtiny2313A,avr,1E910A,1,2048,2048,True,32,32,True
ATtiny24,avr,1E910B,1,2048,2048,True,32,32,True
ATtiny24A,avr,1E910B,1,2048,2048,True,32,32,True
ATtiny25,avr,1E9108,1,2048,2048,True,32,32,True
ATtiny26,avr,1E9109,1,2048,2048,True,32,32,True
ATtiny261,avr,1E910C,1,2048,2048,True,32,32,True
ATtiny261A,avr,1E910C,1,2048,2048,True,32,32,True
ATtiny4313,avr,1E920D,2,4096,4096,True,64,64,True
ATtiny43U,avr,1E920C,2,4096,4096,True,64,64,True
ATtiny44,avr,1E9207,2,4096,4096,True,64,64,True
ATtiny441,avr,1E9215,2,4096,4096,True,16,64,False
ATtiny44A,avr,1E9207,2,4096,4096,True,64,64,True
ATtiny45,avr,1E9206,2,4096,4096,True,64,64,True
ATtiny461,avr,1E9208,2,4096,4096,True,64,64,True
ATtiny461A,avr,1E9208,2,4096,4096,True,64,64,True
ATtiny48,avr,1E9209,2,4096,4096,True,64,64,True
ATtiny828,avr,1E9314,3,8192,8192,True,64,64,True
ATtiny828R,avr,1E9314,3,8192,8192,True,64,64,True
ATtiny84,avr,1E930C,3,8192,8192,True,64,64,True
ATtiny841,avr,1E9315,3,8192,8192,True,16,64,False
ATtiny84A,avr,1E930C,3,8192,8192,True,64,64,True
ATtiny85,avr,1E930B,3,8192,8192,True,64,64,True
ATtiny861,avr,1E930D,3,8192,8192,True,64,64,True
ATtiny861A,avr,1E930D,3,8192,8192,True,64,64,True
ATtiny87,avr,1E9387,3,8192,8192,True,128,64,False
ATtiny88,avr,1E9311,3,8192,8192,True,64,64,True
LGT8F168P,avr-compatible,1E940B,4,16384,16384,True,128,128,True
LGT8F328P,avr-compatible,1E950F,5,32768,32768,True,128,128,True
LGT8F88P,avr-compatible,1E930F,3,8192,8192,True,64,64,True
AT89S51,non-avr-spi-programmable,1E5106,1,4096,2048,False,,32,
AT89S52,non-avr-spi-programmable,1E5206,2,8192,4096,False,,64,
