name,signature,avrdude,progisp,microchip_atdf,signature_flash_check,signature_page_check,app_ready
AT90CAN128,1E9781,True,True,False,True,True,True
AT90CAN32,1E9581,True,True,False,True,False,True
AT90CAN64,1E9681,True,True,False,True,True,True
AT90PWM1,1E9383,True,False,False,True,True,True
AT90PWM161,1E948B,True,False,False,True,True,True
AT90PWM2,1E9381,True,True,False,True,True,True
AT90PWM216,1E9483,True,True,False,True,True,True
AT90PWM2B,1E9383,True,True,False,True,True,True
AT90PWM3,1E9381,True,True,False,True,True,True
AT90PWM316,1E9483,True,True,False,True,True,True
AT90PWM3B,1E9383,True,True,False,True,True,True
AT90PWM81,1E9388,True,True,False,True,True,True
AT90S1200,1E9001,True,True,False,True,,False
AT90S2313,1E9101,True,True,False,True,,False
AT90S2323,1E9102,True,True,False,True,,False
AT90S2333,1E9105,True,False,False,True,,False
AT90S2343,1E9103,True,True,False,True,,False
AT90S4414,1E9201,True,True,False,True,,False
AT90S4433,1E9203,True,True,False,True,,False
AT90S4434,1E9202,True,True,False,True,,False
AT90S8515,1E9301,True,True,False,True,,False
AT90S8535,1E9303,True,True,False,True,,False
AT90USB1286,1E9782,True,True,False,True,True,True
AT90USB1287,1E9782,True,True,False,True,True,True
AT90USB162,1E9482,True,True,False,True,True,True
AT90USB646,1E9682,True,True,False,True,True,True
AT90USB647,1E9682,True,True,False,True,True,True
AT90USB82,1E9382,True,True,False,True,False,True
ATA5505,1E9487,True,False,False,True,True,True
ATA6612C,1E930A,True,True,False,True,True,True
ATA6613C,1E9406,True,True,False,True,True,True
ATA6614Q,1E950F,True,False,False,True,True,True
ATA6616C,1E9387,True,False,False,True,False,True
ATA6617C,1E9487,True,False,False,True,True,True
ATA664251,1E9487,True,False,False,True,True,True
ATmega103,1E9701,True,True,False,True,True,False
ATmega128,1E9702,True,True,False,True,True,True
ATmega1280,1E9703,True,True,False,True,True,True
ATmega1281,1E9704,True,True,False,True,True,True
ATmega1284,1E9706,True,False,False,True,True,True
ATmega1284P,1E9705,True,True,False,True,True,True
ATmega1284RFR2,1EA703,True,False,False,True,True,True
ATmega128A,1E9702,True,True,False,True,True,True
ATmega128RFA1,1EA701,True,True,False,True,True,True
ATmega128RFR2,1EA702,True,False,False,True,True,True
ATmega16,1E9403,True,True,False,True,True,True
ATmega161,1E9401,True,True,False,True,True,False
ATmega162,1E9404,True,True,False,True,True,True
ATmega163,1E9402,True,True,False,True,True,False
ATmega164A,1E940F,True,False,False,True,True,True
ATmega164P,1E940A,True,True,False,True,True,True
ATmega164PA,1E940A,True,True,False,True,True,True
ATmega165,1E9407,True,True,False,True,True,True
ATmega165A,1E9410,True,False,False,True,True,True
ATmega165P,1E9407,True,True,False,True,True,True
ATmega165PA,1E9407,True,False,False,True,True,True
ATmega168,1E9406,True,True,False,True,True,True
ATmega168A,1E9406,True,True,False,True,True,True
ATmega168P,1E940B,True,True,False,True,True,True
ATmega168PA,1E940B,True,True,False,True,True,True
ATmega168PB,1E9415,True,False,False,True,True,True
ATmega169,1E9405,True,True,False,True,True,True
ATmega169A,1E9411,True,False,False,True,True,True
ATmega169P,1E9405,True,True,False,True,True,True
ATmega169PA,1E9405,True,False,False,True,True,True
ATmega16A,1E9403,True,True,False,True,True,True
ATmega16HVA,1E940C,True,True,False,True,True,True
ATmega16HVB,1E940D,True,True,False,True,True,True
ATmega16HVBrevB,1E940D,True,False,False,True,True,True
ATmega16M1,1E9484,True,True,False,True,True,True
ATmega16U2,1E9489,True,True,False,True,True,True
ATmega16U4,1E9488,True,True,False,True,True,True
ATmega2560,1E9801,True,True,False,True,False,True
ATmega2561,1E9802,True,True,False,True,False,True
ATmega2564RFR2,1EA803,True,False,False,True,False,True
ATmega256RFR2,1EA802,True,False,False,True,False,True
ATmega32,1E9502,True,True,False,True,True,True
ATmega323,1E9501,False,True,False,True,True,True
ATmega324A,1E9515,True,False,False,True,True,True
ATmega324P,1E9508,True,True,False,True,True,True
ATmega324PA,1E9511,True,True,False,True,True,True
ATmega324PB,1E9517,True,False,False,True,True,True
ATmega325,1E9505,True,True,False,True,True,True
ATmega3250,1E9506,True,True,False,True,True,True
ATmega3250A,1E9506,True,True,False,True,True,True
ATmega3250P,1E950E,True,True,False,True,True,True
ATmega3250PA,1E950E,True,False,False,True,True,True
ATmega325A,1E9505,True,True,False,True,True,True
ATmega325P,1E950D,True,True,False,True,True,True
ATmega325PA,1E950D,True,False,False,True,True,True
ATmega328,1E9514,True,False,False,True,True,True
ATmega328P,1E950F,True,True,False,True,True,True
ATmega328PB,1E9516,True,False,False,True,True,True
ATmega329,1E9503,True,True,False,True,True,True
ATmega3290,1E9504,True,True,False,True,True,True
ATmega3290A,1E9504,True,True,False,True,True,True
ATmega3290P,1E950C,True,True,False,True,True,True
ATmega3290PA,1E950C,True,False,False,True,True,True
ATmega329A,1E9503,True,True,False,True,True,True
ATmega329P,1E950B,True,True,False,True,True,True
ATmega329PA,1E950B,True,False,False,True,True,True
ATmega32A,1E9502,True,True,False,True,True,True
ATmega32C1,1E9586,True,True,False,True,True,True
ATmega32HVB,1E9510,True,True,False,True,True,True
ATmega32HVBrevB,1E9510,True,False,False,True,True,True
ATmega32HVE2,1E9513,True,False,False,True,True,True
ATmega32M1,1E9584,True,True,False,True,True,True
ATmega32U2,1E958A,True,True,False,True,True,True
ATmega32U4,1E9587,True,True,False,True,True,True
ATmega48,1E9205,True,True,False,True,True,True
ATmega48A,1E9205,True,True,False,True,True,True
ATmega48P,1E920A,True,True,False,True,True,True
ATmega48PA,1E920A,True,True,False,True,True,True
ATmega48PB,1E9210,True,False,False,True,True,True
ATmega64,1E9602,True,True,False,True,True,True
ATmega640,1E9608,True,True,False,True,True,True
ATmega644,1E9609,True,True,False,True,True,True
ATmega644A,1E9609,True,True,False,True,True,True
ATmega644P,1E960A,True,True,False,True,True,True
ATmega644PA,1E960A,True,True,False,True,True,True
ATmega644RFR2,1EA603,True,False,False,True,True,True
ATmega645,1E9605,True,True,False,True,True,True
ATmega6450,1E9606,True,True,False,True,True,True
ATmega6450A,1E9606,True,True,False,True,True,True
ATmega6450P,1E960E,True,False,False,True,True,True
ATmega645A,1E9605,True,True,False,True,True,True
ATmega645P,1E960D,True,False,False,True,True,True
ATmega649,1E9603,True,True,False,True,True,True
ATmega6490,1E9604,True,True,False,True,True,True
ATmega6490A,1E9604,True,True,False,True,True,True
ATmega6490P,1E960C,True,False,False,True,True,True
ATmega649A,1E9603,True,True,False,True,True,True
ATmega649P,1E960B,True,False,False,True,True,True
ATmega64A,1E9602,True,True,False,True,True,True
ATmega64C1,1E9686,True,True,False,True,True,True
ATmega64HVE2,1E9610,True,False,False,True,False,True
ATmega64M1,1E9684,True,True,False,True,True,True
ATmega64RFR2,1EA602,True,False,False,True,True,True
ATmega8,1E9307,True,True,False,True,True,True
ATmega8515,1E9306,True,True,False,True,True,False
ATmega8535,1E9308,True,True,False,True,True,False
ATmega88,1E930A,True,True,False,True,True,True
ATmega88A,1E930A,True,True,False,True,True,True
ATmega88P,1E930F,True,True,False,True,True,True
ATmega88PA,1E930F,True,True,False,True,True,True
ATmega88PB,1E9316,True,False,False,True,True,True
ATmega8A,1E9307,True,True,False,True,True,True
ATmega8HVA,1E9310,True,True,False,True,False,True
ATmega8U2,1E9389,True,True,False,True,False,True
ATmegaS128,1E9702,True,False,False,True,True,True
ATmegaS64M1,1E9684,True,False,False,True,True,True
ATtiny12,1E9005,True,True,False,True,,False
ATtiny13,1E9007,True,True,False,True,True,True
ATtiny13A,1E9007,True,True,False,True,True,True
ATtiny15,1E9006,True,True,False,True,,False
ATtiny1634,1E9412,True,False,False,True,False,True
ATtiny1634R,1E9412,True,False,False,True,False,True
ATtiny167,1E9487,True,True,False,True,True,True
ATtiny22,1E9106,True,True,False,True,,False
ATtiny2313,1E910A,True,True,False,True,True,True
ATtiny2313A,1E910A,True,True,False,True,True,True
ATtiny24,1E910B,True,True,False,True,True,True
ATtiny24A,1E910B,True,True,False,True,True,True
ATtiny25,1E9108,True,True,False,True,True,True
ATtiny26,1E9109,True,True,False,True,True,False
ATtiny261,1E910C,True,True,False,True,True,True
ATtiny261A,1E910C,True,True,False,True,True,True
ATtiny4313,1E920D,True,False,False,True,True,True
ATtiny43U,1E920C,True,True,False,True,True,True
ATtiny44,1E9207,True,True,False,True,True,True
ATtiny441,1E9215,True,False,False,True,False,True
ATtiny44A,1E9207,True,True,False,True,True,True
ATtiny45,1E9206,True,True,False,True,True,True
ATtiny461,1E9208,True,True,False,True,True,True
ATtiny461A,1E9208,True,True,False,True,True,True
ATtiny48,1E9209,True,True,False,True,True,True
ATtiny828,1E9314,True,False,False,True,True,True
ATtiny828R,1E9314,True,False,False,True,True,True
ATtiny84,1E930C,True,True,False,True,True,True
ATtiny841,1E9315,True,False,False,True,False,True
ATtiny84A,1E930C,True,True,False,True,True,True
ATtiny85,1E930B,True,True,False,True,True,True
ATtiny861,1E930D,True,True,False,True,True,True
ATtiny861A,1E930D,True,True,False,True,True,True
ATtiny87,1E9387,True,False,False,True,False,True
ATtiny88,1E9311,True,True,False,True,True,True
LGT8F168P,1E940B,True,False,False,True,True,False
LGT8F328P,1E950F,True,False,False,True,True,False
LGT8F88P,1E930F,True,False,False,True,True,False
AT89S51,1E5106,True,False,False,False,,False
AT89S52,1E5206,True,False,False,False,,False
